{"cameraMode":{"drawMode":0,"name":"Shaded","section":"Shading Mode"},"sceneLighting":true,"audioPlay":false,"sceneViewState":{"m_AlwaysRefresh":false,"showFog":true,"showSkybox":true,"showFlares":true,"showImageEffects":true,"showParticleSystems":true,"showVisualEffectGraphs":true,"m_FxEnabled":true},"in2DMode":false,"pivot":{"x":-0.7047691345214844,"y":1.9553852081298829,"z":-6.870098114013672},"rotation":{"x":0.14913976192474366,"y":-0.8213029503822327,"z":0.24947157502174378,"w":0.49096766114234927},"size":14.956790924072266,"orthographic":false}