{"cameraMode":{"drawMode":0,"name":"Shaded","section":"Shading Mode"},"sceneLighting":false,"audioPlay":false,"sceneViewState":{"m_AlwaysRefresh":false,"showFog":true,"showSkybox":false,"showFlares":true,"showImageEffects":true,"showParticleSystems":true,"showVisualEffectGraphs":true,"m_FxEnabled":true},"in2DMode":false,"pivot":{"x":0.10873794555664063,"y":12.351302146911621,"z":2.5021705627441408},"rotation":{"x":-0.10109739005565644,"y":0.7672311663627625,"z":-0.12491410225629807,"w":-0.6209237575531006},"size":27.571434020996095,"orthographic":false}